{
  "project_info": {
    "project_number": "570427727776",
    "project_id": "bloggenerator-648b5",
    "storage_bucket": "bloggenerator-648b5.appspot.com"
  },
  "client": [
    {
      "client_info": {
        "mobilesdk_app_id": "1:570427727776:android:dd78630769bb01b05acec5",
        "android_client_info": {
          "package_name": "com.example.bloggenerator"
        }
      },
      "oauth_client": [
        {
          "client_id": "570427727776-on6jvjo7a5mn0u7cbs0coj6ka4ruu9ul.apps.googleusercontent.com",
          "client_type": 3
        }
      ],
      "api_key": [
        {
          "current_key": "AIzaSyDhFX6UDjPlkVM4MiBJ2o6CzjIsk-NeN9M"
        }
      ],
      "services": {
        "appinvite_service": {
          "other_platform_oauth_client": [
            {
              "client_id": "570427727776-on6jvjo7a5mn0u7cbs0coj6ka4ruu9ul.apps.googleusercontent.com",
              "client_type": 3
            }
          ]
        }
      }
    }
  ],
  "configuration_version": "1"
}